Question Number,MetaTemplateID,Domain,ItemGroupID,ContextDiff,ContextNum,Context,Question,Correct Answer,fold,raw_yes_logprob,raw_no_logprob,corrected_yes_logprob,corrected_no_logprob,bias_correction,predicted_answer,is_correct
1.0,1.0,social-relations,1.0,negation,1.0,Chao knows Yan.,Are Chao and Yan friends?,Yes,0,-0.004446625709533691,-5.656244277954102,0.26286850376771054,-5.923559407431346,-0.26731512947724423,Yes,True
2.0,1.0,social-relations,1.0,negation,1.0,Chao knows Yan.,Are Chao and Yan strangers?,No,0,-13.312481880187988,-0.00016534329915884882,-13.045166750710743,-0.2674804727764031,-0.26731512947724423,No,True
3.0,1.0,social-relations,1.0,negation,2.0,Chao doesn't know Yan.,Are Chao and Yan friends?,No,0,-12.437470436096191,-0.00010144711268367246,-12.170155306618947,-0.2674165765899279,-0.26731512947724423,No,True
4.0,1.0,social-relations,1.0,negation,2.0,Chao doesn't know Yan.,Are Chao and Yan strangers?,Yes,0,-0.02830517292022705,-3.5937390327453613,0.23900995655701718,-3.8610541622226053,-0.26731512947724423,Yes,True
5.0,2.0,social-relations,2.0,antonym,1.0,Chao is warm toward Yan.,Are Chao and Yan friends?,Yes,0,-0.0013312101364135742,-8.12499713897705,0.26598391934083065,-8.392312268454296,-0.26731512947724423,Yes,True
6.0,2.0,social-relations,2.0,antonym,1.0,Chao is warm toward Yan.,Are Chao and Yan strangers?,No,0,-14.874979019165039,-0.00013065339589957148,-14.607663889687794,-0.2674457828731438,-0.26731512947724423,No,True
8.0,2.0,social-relations,2.0,antonym,2.0,Chao is indifferent toward Yan.,Are Chao and Yan strangers?,Yes,0,-6.4374823570251465,-0.0017660856246948242,-6.1701672275479025,-0.26908121510193905,-0.26731512947724423,No,False
9.0,3.0,social-relations,3.0,other,1.0,Chao likes Yan.,Are Chao and Yan friends?,Yes,0,-0.0020537376403808594,-6.874995708465576,0.26526139183686337,-7.14231083794282,-0.26731512947724423,Yes,True
10.0,3.0,social-relations,3.0,other,1.0,Chao likes Yan.,Are Chao and Yan strangers?,No,0,-13.874983787536621,-0.00015795232320670038,-13.607668658059376,-0.26747308180045093,-0.26731512947724423,No,True
13.0,4.0,social-relations,4.0,antonym,1.0,Chao enjoys spending time with Yan.,Are Chao and Yan friends?,Yes,0,-0.001481175422668457,-8.249996185302734,0.26583395405457577,-8.51731131477998,-0.26731512947724423,Yes,True
14.0,4.0,social-relations,4.0,antonym,1.0,Chao enjoys spending time with Yan.,Are Chao and Yan strangers?,No,0,-14.62497615814209,-0.00028944018413312733,-14.357661028664845,-0.26760456966137736,-0.26731512947724423,No,True
16.0,4.0,social-relations,4.0,antonym,2.0,Chao is indifferent about spending time with Yan.,Are Chao and Yan strangers?,Yes,0,-9.562481880187988,-0.0003637075424194336,-9.295166750710743,-0.26767883701966366,-0.26731512947724423,No,False
17.0,5.0,social-relations,5.0,antonym,1.0,Chao likes Yan.,Is Chao Yan's friend?,Yes,0,-0.0136643648147583,-4.312494277954102,0.25365076466248593,-4.579809407431346,-0.26731512947724423,Yes,True
18.0,5.0,social-relations,5.0,antonym,1.0,Chao likes Yan.,Is Chao Yan's enemy?,No,0,-11.499983787536621,-0.0001031160427373834,-11.232668658059376,-0.2674182455199816,-0.26731512947724423,No,True
19.0,5.0,social-relations,5.0,antonym,2.0,Chao hates Yan.,Is Chao Yan's friend?,No,0,-11.812477111816406,-9.393693471793085e-05,-11.545161982339161,-0.26740906641196216,-0.26731512947724423,No,True
20.0,5.0,social-relations,5.0,antonym,2.0,Chao hates Yan.,Is Chao Yan's enemy?,Yes,0,-0.0035321712493896484,-5.749995231628418,0.2637829582278546,-6.017310361105662,-0.26731512947724423,Yes,True
21.0,6.0,social-relations,6.0,antonym,1.0,Chao enjoys spending time with Yan.,Is Chao Yan's friend?,Yes,0,-0.0015295743942260742,-6.624997615814209,0.26578555508301815,-6.892312745291453,-0.26731512947724423,Yes,True
22.0,6.0,social-relations,6.0,antonym,1.0,Chao enjoys spending time with Yan.,Is Chao Yan's enemy?,No,0,-14.062481880187988,-5.936622983426787e-05,-13.795166750710743,-0.2673744957070785,-0.26731512947724423,No,True
23.0,6.0,social-relations,6.0,antonym,2.0,Chao dislikes spending time with Yan.,Is Chao Yan's friend?,No,0,-12.312487602233887,-2.5153161914204247e-05,-12.045172472756642,-0.26734028263915843,-0.26731512947724423,No,True
24.0,6.0,social-relations,6.0,antonym,2.0,Chao dislikes spending time with Yan.,Is Chao Yan's enemy?,Yes,0,-0.023550987243652344,-3.7812461853027344,0.24376414223359189,-4.048561314779978,-0.26731512947724423,Yes,True
25.0,7.0,social-relations,7.0,antonym,1.0,Chao wants to work together with Yan.,Is Chao Yan's friend?,Yes,0,-0.016834020614624023,-4.2187418937683105,0.2504811088626202,-4.4860570232455546,-0.26731512947724423,Yes,True
26.0,7.0,social-relations,7.0,antonym,1.0,Chao wants to work together with Yan.,Is Chao Yan's enemy?,No,0,-13.124983787536621,-3.1352046789834276e-05,-12.857668658059376,-0.26734648152403406,-0.26731512947724423,No,True
27.0,7.0,social-relations,7.0,antonym,2.0,Chao wants to work against Yan.,Is Chao Yan's friend?,No,0,-9.812481880187988,-0.00016450881958007812,-9.545166750710743,-0.2674796382968243,-0.26731512947724423,No,True
28.0,7.0,social-relations,7.0,antonym,2.0,Chao wants to work against Yan.,Is Chao Yan's enemy?,Yes,0,-0.008901476860046387,-4.74999475479126,0.25841365261719784,-5.017309884268504,-0.26731512947724423,Yes,True
30.0,8.0,social-relations,8.0,antonym,1.0,Chao likes Yan.,Are Chao and Yan enemies?,No,0,-12.937477111816406,-0.00017583371663931757,-12.670161982339161,-0.26749096319388355,-0.26731512947724423,No,True
31.0,8.0,social-relations,8.0,antonym,2.0,Chao hates Yan.,Are Chao and Yan friends?,No,0,-13.62497615814209,-0.0001673698570812121,-13.357661028664845,-0.26748249933432544,-0.26731512947724423,No,True
32.0,8.0,social-relations,8.0,antonym,2.0,Chao hates Yan.,Are Chao and Yan enemies?,Yes,0,-0.006153702735900879,-5.156243801116943,0.26116142674134335,-5.423558930594187,-0.26731512947724423,Yes,True
34.0,9.0,social-relations,9.0,antonym,1.0,Chao enjoys spending time with Yan.,Are Chao and Yan enemies?,No,0,-14.374968528747559,-0.00025939944316633046,-14.107653399270314,-0.26757452892041056,-0.26731512947724423,No,True
35.0,9.0,social-relations,9.0,antonym,2.0,Chao dislikes spending time with Yan.,Are Chao and Yan friends?,No,0,-13.562474250793457,-0.00031888484954833984,-13.295159121316212,-0.26763401432679257,-0.26731512947724423,No,True
36.0,9.0,social-relations,9.0,antonym,2.0,Chao dislikes spending time with Yan.,Are Chao and Yan enemies?,Yes,0,-0.20895445346832275,-1.7109241485595703,0.058360676008921475,-1.9782392780368145,-0.26731512947724423,Yes,True
37.0,10.0,social-relations,10.0,antonym,1.0,Chao wants to work together with Yan.,Are Chao and Yan friends?,Yes,0,-0.03342998027801514,-3.7812390327453613,0.2338851491992291,-4.048554162222605,-0.26731512947724423,Yes,True
38.0,10.0,social-relations,10.0,antonym,1.0,Chao wants to work together with Yan.,Are Chao and Yan enemies?,No,0,-14.31246280670166,-0.00030016902019269764,-14.045147677224415,-0.2676152984974369,-0.26731512947724423,No,True
39.0,10.0,social-relations,10.0,antonym,2.0,Chao wants to work against Yan.,Are Chao and Yan friends?,No,0,-12.124968528747559,-0.001557469367980957,-11.857653399270314,-0.2688725988452252,-0.26731512947724423,No,True
40.0,10.0,social-relations,10.0,antonym,2.0,Chao wants to work against Yan.,Are Chao and Yan enemies?,Yes,0,-0.023667454719543457,-3.781242847442627,0.24364767475770077,-4.048557976919871,-0.26731512947724423,Yes,True
41.0,11.0,social-relations,11.0,antonym,1.0,Chao gives orders to Yan.,Is Chao Yan's boss?,Yes,0,-0.04368138313293457,-3.1718645095825195,0.22363374634430966,-3.4391796390597635,-0.26731512947724423,Yes,True
42.0,11.0,social-relations,11.0,antonym,1.0,Chao gives orders to Yan.,Is Chao Yan's subordinate?,No,0,-0.0015730857849121094,-6.562496185302734,0.2657420436923321,-6.829811314779978,-0.26731512947724423,Yes,False
43.0,11.0,social-relations,11.0,antonym,2.0,Chao gets orders from Yan.,Is Chao Yan's boss?,No,0,-1.0546634197235107,-0.4316316843032837,-0.7873482902462665,-0.6989468137805279,-0.26731512947724423,No,True
44.0,11.0,social-relations,11.0,antonym,2.0,Chao gets orders from Yan.,Is Chao Yan's subordinate?,Yes,0,-0.018421649932861328,-4.031243801116943,0.2488934795443829,-4.298558930594187,-0.26731512947724423,Yes,True
47.0,11.0,social-relations,12.0,variable swap,2.0,Yan gives orders to Chao.,Is Chao Yan's boss?,No,0,-0.9023187160491943,-0.5273345708847046,-0.6350035865719501,-0.7946497003619488,-0.26731512947724423,Yes,False
48.0,11.0,social-relations,12.0,variable swap,2.0,Yan gives orders to Chao.,Is Chao Yan's subordinate?,Yes,0,-0.0034857988357543945,-5.71874475479126,0.26382933064148983,-5.986059884268504,-0.26731512947724423,Yes,True
49.0,11.0,social-relations,13.0,variable swap,1.0,Yan gets orders from Chao.,Is Chao Yan's boss?,Yes,0,-0.2138371467590332,-1.6484233140945435,0.053477982718211026,-1.9157384435717877,-0.26731512947724423,Yes,True
50.0,11.0,social-relations,13.0,variable swap,1.0,Yan gets orders from Chao.,Is Chao Yan's subordinate?,No,0,-0.020853400230407715,-3.8906126022338867,0.24646172924683651,-4.157927731711131,-0.26731512947724423,Yes,False
54.0,11.0,social-relations,14.0,antonym,1.0,Chao gives orders to Yan.,Is Yan Chao's boss?,No,0,-2.578098773956299,-0.0795818567276001,-2.310783644479055,-0.3468969862048443,-0.26731512947724423,No,True
56.0,11.0,social-relations,14.0,antonym,2.0,Chao gets orders from Yan.,Is Yan Chao's boss?,Yes,0,-0.2519272565841675,-1.4999852180480957,0.015387872893076748,-1.76730034752534,-0.26731512947724423,Yes,True
60.0,11.0,social-relations,15.0,variable swap,2.0,Yan gives orders to Chao.,Is Yan Chao's boss?,Yes,0,-0.04391825199127197,-3.171858549118042,0.22339687748597226,-3.439173678595286,-0.26731512947724423,Yes,True
62.0,11.0,social-relations,16.0,variable swap,1.0,Yan gets orders from Chao.,Is Yan Chao's boss?,No,0,-2.749957323074341,-0.0663914680480957,-2.482642193597097,-0.33370659752533993,-0.26731512947724423,No,True
65.0,11.0,social-relations,17.0,antonym,1.0,Chao gives orders to Yan.,Is Yan Chao's subordinate?,Yes,0,-0.0030416250228881836,-5.874992370605469,0.26427350445435605,-6.142307500082713,-0.26731512947724423,Yes,True
67.0,11.0,social-relations,17.0,antonym,2.0,Chao gets orders from Yan.,Is Yan Chao's subordinate?,No,0,-0.12693166732788086,-2.124986171722412,0.14038346214936337,-2.392301301199656,-0.26731512947724423,Yes,False
71.0,11.0,social-relations,18.0,variable swap,2.0,Yan gives orders to Chao.,Is Yan Chao's subordinate?,No,0,-0.005143523216247559,-5.3124895095825195,0.26217160626099667,-5.5798046390597635,-0.26731512947724423,Yes,False
73.0,11.0,social-relations,19.0,variable swap,1.0,Yan gets orders from Chao.,Is Yan Chao's subordinate?,Yes,0,-0.0053588151931762695,-5.281240940093994,0.26195631428406796,-5.548556069571238,-0.26731512947724423,Yes,True
77.0,12.0,social-relations,20.0,antonym,1.0,Chao is Yan's employer.,Is Chao Yan's boss?,Yes,0,-0.10738921165466309,-2.296861410140991,0.15992591782258114,-2.564176539618235,-0.26731512947724423,Yes,True
78.0,12.0,social-relations,20.0,antonym,1.0,Chao is Yan's employer.,Is Chao Yan's subordinate?,No,0,-0.0073927645571529865,-4.9999871253967285,0.25992236492009124,-5.2673022548739725,-0.26731512947724423,Yes,False
79.0,12.0,social-relations,20.0,antonym,2.0,Chao is Yan's employee.,Is Chao Yan's boss?,No,0,-0.3319973945617676,-1.2656090259552002,-0.06468226508452335,-1.5329241554324444,-0.26731512947724423,Yes,False
80.0,12.0,social-relations,20.0,antonym,2.0,Chao is Yan's employee.,Is Chao Yan's subordinate?,Yes,0,-0.0012542010517790914,-7.499989986419678,0.26606092842546514,-7.767305115896922,-0.26731512947724423,Yes,True
83.0,12.0,social-relations,21.0,variable swap,2.0,Yan is Chao's employer.,Is Chao Yan's boss?,No,0,-0.3691096305847168,-1.1796728372573853,-0.10179450110747257,-1.4469879667346295,-0.26731512947724423,Yes,False
84.0,12.0,social-relations,21.0,variable swap,2.0,Yan is Chao's employer.,Is Chao Yan's subordinate?,Yes,0,-0.004802703857421875,-5.468735694885254,0.26251242561982235,-5.736050824362498,-0.26731512947724423,Yes,True
85.0,12.0,social-relations,22.0,variable swap,1.0,Yan is Chao's employee.,Is Chao Yan's boss?,Yes,0,-0.019013047218322754,-4.031231880187988,0.24830208225892147,-4.298547009665232,-0.26731512947724423,Yes,True
86.0,12.0,social-relations,22.0,variable swap,1.0,Yan is Chao's employee.,Is Chao Yan's subordinate?,No,0,-0.001129627344198525,-7.656238079071045,0.2661855021330457,-7.923553208548289,-0.26731512947724423,Yes,False
90.0,12.0,social-relations,23.0,antonym,1.0,Chao is Yan's employer.,Is Yan Chao's boss?,No,0,-1.0155843496322632,-0.4511526823043823,-0.748269220155019,-0.7184678117816266,-0.26731512947724423,No,True
92.0,12.0,social-relations,23.0,antonym,2.0,Chao is Yan's employee.,Is Yan Chao's boss?,Yes,0,-0.12057030200958252,-2.187481164932251,0.1467448274676617,-2.454796294409495,-0.26731512947724423,Yes,True
96.0,12.0,social-relations,24.0,variable swap,2.0,Yan is Chao's employer.,Is Yan Chao's boss?,Yes,0,-0.19135773181915283,-1.7577934265136719,0.0759573976580914,-2.025108555990916,-0.26731512947724423,Yes,True
98.0,12.0,social-relations,25.0,variable swap,1.0,Yan is Chao's employee.,Is Yan Chao's boss?,No,0,-2.078075885772705,-0.13474977016448975,-1.8107607562954608,-0.402064899641734,-0.26731512947724423,No,True
101.0,12.0,social-relations,26.0,antonym,1.0,Chao is Yan's employer.,Is Yan Chao's subordinate?,Yes,0,-0.007579803466796875,-4.968735694885254,0.25973532601044735,-5.236050824362498,-0.26731512947724423,Yes,True
103.0,12.0,social-relations,26.0,antonym,2.0,Chao is Yan's employee.,Is Yan Chao's subordinate?,No,0,-0.009252786636352539,-4.749983310699463,0.2580623428408917,-5.017298440176707,-0.26731512947724423,Yes,False
107.0,12.0,social-relations,27.0,variable swap,2.0,Yan is Chao's employer.,Is Yan Chao's subordinate?,No,0,-0.004951477516442537,-5.4062347412109375,0.2623636519608017,-5.6735498706881815,-0.26731512947724423,Yes,False
109.0,12.0,social-relations,28.0,variable swap,1.0,Yan is Chao's employee.,Is Yan Chao's subordinate?,Yes,0,-0.0009274483891204,-8.062487602233887,0.26638768108812383,-8.329802731711132,-0.26731512947724423,Yes,True
113.0,13.0,social-relations,29.0,antonym,1.0,Chao pays salary to Yan.,Is Chao Yan's boss?,Yes,0,-0.3144237995147705,-1.3124842643737793,-0.04710867003752628,-1.5797993938510235,-0.26731512947724423,Yes,True
114.0,13.0,social-relations,29.0,antonym,1.0,Chao pays salary to Yan.,Is Chao Yan's subordinate?,No,0,-0.18063676357269287,-1.8046718835830688,0.08667836590455136,-2.071987013060313,-0.26731512947724423,Yes,False
115.0,13.0,social-relations,29.0,antonym,2.0,Chao receives salary from Yan.,Is Chao Yan's boss?,No,1,-2.812474250793457,-0.06297934055328369,-2.574805906243049,-0.30064768510369144,-0.23766834455040775,No,True
116.0,13.0,social-relations,29.0,antonym,2.0,Chao receives salary from Yan.,Is Chao Yan's subordinate?,Yes,1,-0.13474524021148682,-2.0781140327453613,0.10292310433892093,-2.3157823772957693,-0.23766834455040775,Yes,True
119.0,13.0,social-relations,30.0,variable swap,2.0,Yan pays salary to Chao.,Is Chao Yan's boss?,No,1,-0.8280987739562988,-0.5781126022338867,-0.5904304294058911,-0.8157809467842945,-0.23766834455040775,Yes,False
120.0,13.0,social-relations,30.0,variable swap,2.0,Yan pays salary to Chao.,Is Chao Yan's subordinate?,Yes,1,-0.271456241607666,-1.4609204530715942,-0.033787897057258265,-1.698588797622002,-0.23766834455040775,Yes,True
121.0,13.0,social-relations,31.0,variable swap,1.0,Yan receives salary from Chao.,Is Chao Yan's boss?,Yes,1,-0.5233938694000244,-0.8984168767929077,-0.28572552484961666,-1.1360852213433155,-0.23766834455040775,Yes,True
122.0,13.0,social-relations,31.0,variable swap,1.0,Yan receives salary from Chao.,Is Chao Yan's subordinate?,No,1,-0.10153007507324219,-2.3593575954437256,0.13613826947716556,-2.5970259399941336,-0.23766834455040775,Yes,False
128.0,13.0,social-relations,32.0,antonym,2.0,Chao receives salary from Yan.,Is Yan Chao's boss?,Yes,1,-0.3319903612136841,-1.2656017541885376,-0.09432201666327633,-1.5032700987389453,-0.23766834455040775,Yes,True
132.0,13.0,social-relations,33.0,variable swap,2.0,Yan pays salary to Chao.,Is Yan Chao's boss?,Yes,1,-0.6952810287475586,-0.6952975988388062,-0.45761268419715084,-0.9329659433892139,-0.23766834455040775,Yes,True
134.0,13.0,social-relations,34.0,variable swap,1.0,Yan receives salary from Chao.,Is Yan Chao's boss?,No,1,-6.3124518394470215,-0.002109527587890625,-6.0747834948966135,-0.23977787213829838,-0.23766834455040775,No,True
137.0,13.0,social-relations,35.0,antonym,1.0,Chao pays salary to Yan.,Is Yan Chao's subordinate?,Yes,1,-0.15231359004974365,-1.9687304496765137,0.0853547545006641,-2.2063987942269216,-0.23766834455040775,Yes,True
139.0,13.0,social-relations,35.0,antonym,2.0,Chao receives salary from Yan.,Is Yan Chao's subordinate?,No,1,-0.45114219188690186,-1.0156080722808838,-0.2134738473364941,-1.2532764168312915,-0.23766834455040775,Yes,False
143.0,13.0,social-relations,36.0,variable swap,2.0,Yan pays salary to Chao.,Is Yan Chao's subordinate?,No,1,-0.3183259963989258,-1.3202934265136719,-0.08065765184851803,-1.5579617710640796,-0.23766834455040775,Yes,False
145.0,13.0,social-relations,37.0,variable swap,1.0,Yan receives salary from Chao.,Is Yan Chao's subordinate?,Yes,1,-0.015421390533447266,-4.187485218048096,0.22224695401696049,-4.425153562598504,-0.23766834455040775,Yes,True
149.0,14.0,social-relations,38.0,antonym,1.0,Chao has a lot of power over Yan.,Is Chao Yan's boss?,Yes,1,-0.2558349370956421,-1.5703034400939941,-0.01816659254523434,-1.807971784644402,-0.23766834455040775,Yes,True
151.0,14.0,social-relations,38.0,antonym,2.0,Chao has little power over Yan.,Is Chao Yan's boss?,No,1,-7.5937113761901855,-0.001031041145324707,-7.356043031639778,-0.23869938569573246,-0.23766834455040775,No,True
152.0,14.0,social-relations,38.0,antonym,2.0,Chao has little power over Yan.,Is Chao Yan's subordinate?,Yes,1,-0.8984074592590332,-0.5234249830245972,-0.6607391147086255,-0.7610933275750049,-0.23766834455040775,Yes,True
155.0,14.0,social-relations,39.0,variable swap,2.0,Yan has a lot of power over Chao.,Is Chao Yan's boss?,No,1,-3.1093480587005615,-0.048821210861206055,-2.8716797141501536,-0.2864895554116138,-0.23766834455040775,No,True
156.0,14.0,social-relations,39.0,variable swap,2.0,Yan has a lot of power over Chao.,Is Chao Yan's subordinate?,Yes,1,-0.0030111074447631836,-5.937493324279785,0.23465723710564457,-6.175161668830193,-0.23766834455040775,Yes,True
157.0,14.0,social-relations,40.0,variable swap,1.0,Yan has little power over Chao.,Is Chao Yan's boss?,Yes,1,-6.6561970710754395,-0.0016835927963256836,-6.4185287265250315,-0.23935193734673343,-0.23766834455040775,No,False
158.0,14.0,social-relations,40.0,variable swap,1.0,Yan has little power over Chao.,Is Chao Yan's subordinate?,No,1,-2.5780844688415527,-0.07908916473388672,-2.3404161242911448,-0.31675750928429447,-0.23766834455040775,No,True
162.0,14.0,social-relations,41.0,antonym,1.0,Chao has a lot of power over Yan.,Is Yan Chao's boss?,No,1,-5.656221866607666,-0.003930568695068359,-5.418553522057258,-0.2415989132454761,-0.23766834455040775,No,True
164.0,14.0,social-relations,41.0,antonym,2.0,Chao has little power over Yan.,Is Yan Chao's boss?,Yes,1,-5.499962329864502,-0.0043860673904418945,-5.262293985314094,-0.24205441194084965,-0.23766834455040775,No,False
168.0,14.0,social-relations,42.0,variable swap,2.0,Yan has a lot of power over Chao.,Is Yan Chao's boss?,Yes,1,-0.10346829891204834,-2.4218525886535645,0.1342000456383594,-2.6595209332039724,-0.23766834455040775,Yes,True
170.0,14.0,social-relations,43.0,variable swap,1.0,Yan has little power over Chao.,Is Yan Chao's boss?,No,1,-8.499934196472168,-0.0011779071064665914,-8.26226585192176,-0.23884625165687434,-0.23766834455040775,No,True
173.0,14.0,social-relations,44.0,antonym,1.0,Chao has a lot of power over Yan.,Is Yan Chao's subordinate?,Yes,1,-0.0036836862564086914,-5.687493324279785,0.23398465829399906,-5.925161668830193,-0.23766834455040775,Yes,True
175.0,14.0,social-relations,44.0,antonym,2.0,Chao has little power over Yan.,Is Yan Chao's subordinate?,No,1,-4.31247091293335,-0.013480305671691895,-4.074802568382942,-0.25114865022209965,-0.23766834455040775,No,True
179.0,14.0,social-relations,45.0,variable swap,2.0,Yan has a lot of power over Chao.,Is Yan Chao's subordinate?,No,1,-0.0017646552296355367,-6.9374895095825195,0.23590368932077221,-7.1751578541329275,-0.23766834455040775,Yes,False
181.0,14.0,social-relations,46.0,variable swap,1.0,Yan has little power over Chao.,Is Yan Chao's subordinate?,Yes,1,-0.2675464153289795,-1.4531069993972778,-0.02987807077857174,-1.6907753439476856,-0.23766834455040775,Yes,True
185.0,15.0,social-relations,47.0,antonym,1.0,Chao is at a later career stage than Yan.,Is Chao Yan's boss?,Yes,1,-1.929654598236084,-0.37108421325683594,-1.6919862536856762,-0.6087525578072437,-0.23766834455040775,No,False
186.0,15.0,social-relations,47.0,antonym,1.0,Chao is at a later career stage than Yan.,Is Chao Yan's subordinate?,No,1,-0.0077114105224609375,-4.906244277954102,0.2299569340279468,-5.1439126225045095,-0.23766834455040775,Yes,False
187.0,15.0,social-relations,47.0,antonym,2.0,Chao is at an earlier career stage than Yan.,Is Chao Yan's boss?,No,1,-6.562466621398926,-0.003930211067199707,-6.324798276848518,-0.24159855561760746,-0.23766834455040775,No,True
188.0,15.0,social-relations,47.0,antonym,2.0,Chao is at an earlier career stage than Yan.,Is Chao Yan's subordinate?,Yes,1,-0.0064601898193359375,-5.09374475479126,0.2312081547310718,-5.331413099341668,-0.23766834455040775,Yes,True
192.0,15.0,social-relations,48.0,antonym,2.0,Chao is at an earlier career stage than Yan.,Is Yan Chao's boss?,Yes,1,-5.968723297119141,-0.003046274185180664,-5.731054952568733,-0.24071461873558841,-0.23766834455040775,No,False
193.0,15.0,social-relations,49.0,antonym,1.0,Chao is at a later career stage than Yan.,Is Yan Chao's subordinate?,Yes,1,-0.055402278900146484,-2.9374892711639404,0.18226606565026127,-3.1751576157143484,-0.23766834455040775,Yes,True
195.0,15.0,social-relations,49.0,antonym,2.0,Chao is at an earlier career stage than Yan.,Is Yan Chao's subordinate?,No,1,-0.01756107807159424,-4.093739032745361,0.2201072664788135,-4.331407377295769,-0.23766834455040775,Yes,False
197.0,16.0,social-relations,50.0,other,1.0,Chao has the same duties as Yan.,Is Chao Yan's colleague?,Yes,1,-0.002114415168762207,-6.281246185302734,0.23555392938164554,-6.518914529853142,-0.23766834455040775,Yes,True
198.0,16.0,social-relations,50.0,other,1.0,Chao has the same duties as Yan.,Is Chao Yan's boss?,No,1,-4.531223297119141,-0.02123260498046875,-4.293554952568733,-0.2589009495308765,-0.23766834455040775,No,True
199.0,16.0,social-relations,50.0,other,2.0,Chao gives orders to Yan.,Is Chao Yan's colleague?,No,1,-2.3437395095825195,-0.10058248043060303,-2.1060711650321116,-0.3382508249810108,-0.23766834455040775,No,True
203.0,17.0,social-relations,51.0,antonym,2.0,Chao has different duties than Yan.,Is Chao Yan's colleague?,No,1,-1.3593604564666748,-0.2968689203262329,-1.121692111916267,-0.5345372648766407,-0.23766834455040775,No,True
204.0,17.0,social-relations,51.0,antonym,2.0,Chao has different duties than Yan.,Is Chao Yan's boss?,Yes,1,-3.6718552112579346,-0.11620521545410156,-3.4341868667075266,-0.3538735600045093,-0.23766834455040775,No,False
205.0,18.0,social-relations,52.0,antonym,1.0,Chao has little power over Yan.,Is Chao Yan's colleague?,Yes,1,-2.35935640335083,-0.10204553604125977,-2.121688058800422,-0.3397138805916675,-0.23766834455040775,No,False
207.0,18.0,social-relations,52.0,antonym,2.0,Chao has a lot of power over Yan.,Is Chao Yan's colleague?,No,1,-2.4062373638153076,-0.09472322463989258,-2.1685690192648996,-0.33239156919030033,-0.23766834455040775,No,True
209.0,19.0,social-relations,53.0,antonym,1.0,Chao is at the same career stage as Yan.,Is Chao Yan's colleague?,Yes,1,-0.006337404251098633,-5.124995231628418,0.23133094029930912,-5.362663576178826,-0.23766834455040775,Yes,True
210.0,19.0,social-relations,53.0,antonym,1.0,Chao is at the same career stage as Yan.,Is Chao Yan's boss?,No,1,-8.999948501586914,-0.002861618995666504,-8.762280157036507,-0.24052996354607425,-0.23766834455040775,No,True
211.0,19.0,social-relations,53.0,antonym,2.0,Chao is at a later career stage than Yan.,Is Chao Yan's colleague?,No,1,-0.9765387773513794,-0.47460007667541504,-0.7388704328009716,-0.7122684212258228,-0.23766834455040775,No,True
213.0,20.0,social-relations,54.0,other,1.0,Chao works alongside Yan.,Is Chao Yan's colleague?,Yes,1,-0.0032579898834228516,-5.906246185302734,0.2344103546669849,-6.143914529853142,-0.23766834455040775,Yes,True
214.0,20.0,social-relations,54.0,other,1.0,Chao works alongside Yan.,Is Chao Yan's subordinate?,No,1,-0.10789036750793457,-2.2968637943267822,0.12977797704247318,-2.53453213887719,-0.23766834455040775,Yes,False
215.0,20.0,social-relations,54.0,other,2.0,Chao works for Yan.,Is Chao Yan's colleague?,No,1,-0.0790855884552002,-2.5781171321868896,0.15858275609520756,-2.8157854767372976,-0.23766834455040775,Yes,False
216.0,20.0,social-relations,54.0,other,2.0,Chao works for Yan.,Is Chao Yan's subordinate?,Yes,1,-0.008533358573913574,-4.812493324279785,0.22913498597649418,-5.050161668830193,-0.23766834455040775,Yes,True
217.0,21.0,social-relations,55.0,antonym,1.0,Yan has little power over Chao.,Is Chao Yan's colleague?,Yes,1,-3.4062178134918213,-0.03417098522186279,-3.1685494689414133,-0.27183932977227054,-0.23766834455040775,No,False
219.0,21.0,social-relations,55.0,antonym,2.0,Yan has a lot of power over Chao.,Is Chao Yan's colleague?,No,1,-3.281231641769409,-0.03832566738128662,-3.043563297219001,-0.27599401193169437,-0.23766834455040775,No,True
222.0,22.0,social-relations,56.0,antonym,1.0,Chao is at the same career stage as Yan.,Is Chao Yan's subordinate?,No,1,-1.86716628074646,-0.17675089836120605,-1.6294979361960522,-0.4144192429116138,-0.23766834455040775,No,True
223.0,22.0,social-relations,56.0,antonym,2.0,Chao is at an earlier career stage than Yan.,Is Chao Yan's colleague?,No,1,-0.4999772310256958,-0.9374916553497314,-0.26230888647528805,-1.1751599999001392,-0.23766834455040775,Yes,False
225.0,23.0,social-relations,57.0,antonym,1.0,The relationship between Chao and Yan is platonic.,Is Chao Yan's friend?,Yes,1,-0.018422961235046387,-4.031246185302734,0.21924538331536136,-4.268914529853142,-0.23766834455040775,Yes,True
226.0,23.0,social-relations,57.0,antonym,1.0,The relationship between Chao and Yan is platonic.,Is Chao Yan's romantic partner?,No,1,-11.624983787536621,-3.3855438232421875e-05,-11.387315442986214,-0.23770219998864017,-0.23766834455040775,No,True
227.0,23.0,social-relations,57.0,antonym,2.0,The relationship between Chao and Yan is intimate.,Is Chao Yan's friend?,No,1,-1.1562304496765137,-0.4062451124191284,-0.9185621051261059,-0.6439134569695362,-0.23766834455040775,No,True
228.0,23.0,social-relations,57.0,antonym,2.0,The relationship between Chao and Yan is intimate.,Is Chao Yan's romantic partner?,Yes,1,-0.005055785179138184,-5.406246185302734,0.23261255937126957,-5.643914529853142,-0.23766834455040775,Yes,True
229.0,24.0,social-relations,58.0,other,1.0,Chao and Yan shake hands when they meet.,Is Chao Yan's friend?,Yes,1,-0.014331579208374023,-4.374992370605469,0.22333676534203373,-4.612660715155877,-0.23766834455040775,Yes,True
230.0,24.0,social-relations,58.0,other,1.0,Chao and Yan shake hands when they meet.,Is Chao Yan's romantic partner?,No,1,-7.999959945678711,-0.12059855461120605,-7.762291601128303,-0.3582668991616138,-0.23766834455040775,No,True
231.0,24.0,social-relations,58.0,other,2.0,Chao and Yan make out when they meet.,Is Chao Yan's friend?,No,1,-0.2988168001174927,-1.3593696355819702,-0.061148455567084925,-1.597037980132378,-0.23766834455040775,Yes,False
232.0,24.0,social-relations,58.0,other,2.0,Chao and Yan make out when they meet.,Is Chao Yan's romantic partner?,Yes,1,-0.0057898759841918945,-5.281246662139893,0.23187846856621586,-5.5189150066903006,-0.23766834455040775,Yes,True
233.0,25.0,social-relations,59.0,antonym,1.0,The relationship between Chao and Yan is platonic.,Are Chao and Yan friends?,Yes,1,-0.004844307899475098,-5.406247138977051,0.23282403665093265,-5.643915483527459,-0.23766834455040775,Yes,True
234.0,25.0,social-relations,59.0,antonym,1.0,The relationship between Chao and Yan is platonic.,Are Chao and Yan romantic partners?,No,1,-12.124980926513672,-2.5868417651508935e-05,-11.887312581963265,-0.23769421296805926,-0.23766834455040775,No,True
235.0,25.0,social-relations,59.0,antonym,2.0,The relationship between Chao and Yan is intimate.,Are Chao and Yan friends?,No,1,-0.021350622177124023,-3.890620708465576,0.21631772237328373,-4.128289053015984,-0.23766834455040775,Yes,False
236.0,25.0,social-relations,59.0,antonym,2.0,The relationship between Chao and Yan is intimate.,Are Chao and Yan romantic partners?,Yes,1,-0.028178811073303223,-4.499990940093994,0.20948953347710453,-4.737659284644402,-0.23766834455040775,Yes,True
237.0,26.0,social-relations,60.0,other,1.0,Chao and Yan shake hands when they meet.,Are Chao and Yan friends?,Yes,1,-0.009621858596801758,-4.937487602233887,0.228046485953606,-5.175155946784295,-0.23766834455040775,Yes,True
238.0,26.0,social-relations,60.0,other,1.0,Chao and Yan shake hands when they meet.,Are Chao and Yan romantic partners?,No,1,-9.687479972839355,-0.0006788969039916992,-9.449811628288948,-0.23834724145439945,-0.23766834455040775,No,True
239.0,26.0,social-relations,60.0,other,2.0,Chao and Yan make out when they meet.,Are Chao and Yan friends?,No,1,-0.26755762100219727,-1.4531153440475464,-0.029889276451789515,-1.6907836885979541,-0.23766834455040775,Yes,False
240.0,26.0,social-relations,60.0,other,2.0,Chao and Yan make out when they meet.,Are Chao and Yan romantic partners?,Yes,2,-0.0029195547103881836,-6.437493324279785,0.288426400867827,-6.728839279858001,-0.2913459555782152,Yes,True
241.0,27.0,social-relations,61.0,negation,1.0,Chao and Yan are not in a relationship.,Are Chao and Yan strangers?,Yes,2,-0.664047122001648,-0.726554274559021,-0.37270116642343276,-1.0179002301372362,-0.2913459555782152,Yes,True
242.0,27.0,social-relations,61.0,negation,1.0,Chao and Yan are not in a relationship.,Are Chao and Yan romantic partners?,No,2,-11.812474250793457,-5.114079249324277e-05,-11.521128295215242,-0.29139709637070843,-0.2913459555782152,No,True
243.0,27.0,social-relations,61.0,negation,2.0,Chao and Yan are in a relationship.,Are Chao and Yan strangers?,No,2,-12.999979019165039,-3.9577495044795796e-05,-12.708633063586824,-0.29138553307326,-0.2913459555782152,No,True
244.0,27.0,social-relations,61.0,negation,2.0,Chao and Yan are in a relationship.,Are Chao and Yan romantic partners?,Yes,2,-0.004871964454650879,-5.46874475479126,0.2864739911235643,-5.760090710369475,-0.2913459555782152,Yes,True
245.0,28.0,social-relations,62.0,antonym,1.0,Chao and Yan never spend time together.,Are Chao and Yan strangers?,Yes,2,-0.1611175537109375,-1.9140526056289673,0.1302284018672777,-2.2053985612071827,-0.2913459555782152,Yes,True
246.0,28.0,social-relations,62.0,antonym,1.0,Chao and Yan never spend time together.,Are Chao and Yan romantic partners?,No,2,-12.312457084655762,-0.00010681154526537284,-12.021111129077546,-0.29145276712348056,-0.2913459555782152,No,True
247.0,28.0,social-relations,62.0,antonym,2.0,Chao and Yan always spend time together.,Are Chao and Yan strangers?,No,2,-13.687470436096191,-0.0005309581756591797,-13.396124480517976,-0.29187691375387437,-0.2913459555782152,No,True
248.0,28.0,social-relations,62.0,antonym,2.0,Chao and Yan always spend time together.,Are Chao and Yan romantic partners?,Yes,2,-0.6991698741912842,-2.453098773956299,-0.407823918613069,-2.7444447295345142,-0.2913459555782152,Yes,True
249.0,29.0,social-relations,63.0,other,1.0,Chao and Yan are exchanging business cards.,Are Chao and Yan strangers?,Yes,2,-5.937484264373779,-0.0027567148208618164,-5.646138308795564,-0.294102670399077,-0.2913459555782152,No,False
250.0,29.0,social-relations,63.0,other,1.0,Chao and Yan are exchanging business cards.,Are Chao and Yan romantic partners?,No,2,-9.999972343444824,-0.010921478271484375,-9.708626387866609,-0.30226743384969956,-0.2913459555782152,No,True
251.0,29.0,social-relations,63.0,other,2.0,Chao and Yan are making out.,Are Chao and Yan strangers?,No,2,-12.812470436096191,-0.000706791877746582,-12.521124480517976,-0.29205274745596177,-0.2913459555782152,No,True
252.0,29.0,social-relations,63.0,other,2.0,Chao and Yan are making out.,Are Chao and Yan romantic partners?,Yes,2,-0.0029506683349609375,-6.37499475479126,0.28839528724325425,-6.666340710369475,-0.2913459555782152,Yes,True
253.0,30.0,social-relations,64.0,antonym,1.0,Chao lectures Yan.,Is Chao Yan's teacher?,Yes,2,-0.007435441017150879,-4.968742370605469,0.2839105145610643,-5.260088326183684,-0.2913459555782152,Yes,True
254.0,30.0,social-relations,64.0,antonym,1.0,Chao lectures Yan.,Is Chao Yan's student?,No,2,-0.0039550065994262695,-5.6874918937683105,0.2873909489787889,-5.978837849346526,-0.2913459555782152,Yes,False
255.0,30.0,social-relations,64.0,antonym,2.0,Chao learns from Yan.,Is Chao Yan's teacher?,No,2,-0.022202610969543457,-3.8281171321868896,0.26914334460867173,-4.119463087765105,-0.2913459555782152,Yes,False
256.0,30.0,social-relations,64.0,antonym,2.0,Chao learns from Yan.,Is Chao Yan's student?,Yes,2,-0.0022656917572021484,-6.21874475479126,0.28908026382101304,-6.510090710369475,-0.2913459555782152,Yes,True
259.0,30.0,social-relations,65.0,variable swap,2.0,Yan lectures Chao.,Is Chao Yan's teacher?,No,2,-0.03220927715301514,-3.4687395095825195,0.25913667842520005,-3.760085465160735,-0.2913459555782152,Yes,False
260.0,30.0,social-relations,65.0,variable swap,2.0,Yan lectures Chao.,Is Chao Yan's student?,Yes,2,-0.009082674980163574,-4.749993324279785,0.2822632805980516,-5.041339279858001,-0.2913459555782152,Yes,True
261.0,30.0,social-relations,66.0,variable swap,1.0,Yan learns from Chao.,Is Chao Yan's teacher?,Yes,2,-0.006058216094970703,-5.187490463256836,0.2852877394832445,-5.478836418835051,-0.2913459555782152,Yes,True
262.0,30.0,social-relations,66.0,variable swap,1.0,Yan learns from Chao.,Is Chao Yan's student?,No,2,-0.006304025650024414,-5.124992370605469,0.2850419299281908,-5.416338326183684,-0.2913459555782152,Yes,False
268.0,30.0,social-relations,67.0,antonym,2.0,Chao learns from Yan.,Is Yan Chao's teacher?,Yes,2,-0.0033887624740600586,-5.906238079071045,0.28795719310415513,-6.19758403464926,-0.2913459555782152,Yes,True
272.0,30.0,social-relations,68.0,variable swap,2.0,Yan lectures Chao.,Is Yan Chao's teacher?,Yes,2,-0.007584929466247559,-4.999989986419678,0.28376102611196763,-5.291335941997893,-0.2913459555782152,Yes,True
274.0,30.0,social-relations,69.0,variable swap,1.0,Yan learns from Chao.,Is Yan Chao's teacher?,No,2,-0.0590592622756958,-2.874983310699463,0.2322866933025194,-3.1663292662776783,-0.2913459555782152,Yes,False
277.0,30.0,social-relations,70.0,antonym,1.0,Chao lectures Yan.,Is Yan Chao's student?,Yes,2,-0.012252211570739746,-4.437487602233887,0.27909374400747544,-4.728833557812102,-0.2913459555782152,Yes,True
283.0,30.0,social-relations,71.0,variable swap,2.0,Yan lectures Chao.,Is Yan Chao's student?,No,2,-0.18063998222351074,-1.8046746253967285,0.11070597335470445,-2.096020580974944,-0.2913459555782152,Yes,False
285.0,30.0,social-relations,72.0,variable swap,1.0,Yan learns from Chao.,Is Yan Chao's student?,Yes,2,-0.004502654075622559,-5.499988555908203,0.28684330150259263,-5.7913345114864185,-0.2913459555782152,Yes,True
289.0,31.0,social-relations,73.0,antonym,1.0,Chao assigns homework to Yan.,Is Chao Yan's teacher?,Yes,2,-0.0009856224060058594,-7.093746662139893,0.29036033317220933,-7.385092617718108,-0.2913459555782152,Yes,True
290.0,31.0,social-relations,73.0,antonym,1.0,Chao assigns homework to Yan.,Is Chao Yan's student?,No,2,-0.011952638626098633,-4.437494277954102,0.27939331695211655,-4.728840233532317,-0.2913459555782152,Yes,False
291.0,31.0,social-relations,73.0,antonym,2.0,Chao submits homework to Yan.,Is Chao Yan's teacher?,No,2,-0.2988126277923584,-1.3593685626983643,-0.007466672214143211,-1.6507145182765794,-0.2913459555782152,Yes,False
292.0,31.0,social-relations,73.0,antonym,2.0,Chao submits homework to Yan.,Is Chao Yan's student?,Yes,2,-0.028187870979309082,-3.5937445163726807,0.2631580845989061,-3.885090471950896,-0.2913459555782152,Yes,True
295.0,31.0,social-relations,74.0,variable swap,2.0,Yan assigns homework to Chao.,Is Chao Yan's teacher?,No,2,-0.045885682106018066,-3.109367847442627,0.24546027347219712,-3.4007138030208424,-0.2913459555782152,Yes,False
296.0,31.0,social-relations,74.0,variable swap,2.0,Yan assigns homework to Chao.,Is Chao Yan's student?,Yes,2,-0.0007147789001464844,-7.593746185302734,0.2906311766780687,-7.88509214088095,-0.2913459555782152,Yes,True
297.0,31.0,social-relations,75.0,variable swap,1.0,Yan submits homework to Chao.,Is Chao Yan's teacher?,Yes,2,-0.0795748233795166,-2.578118085861206,0.2117711321986986,-2.8694640414394215,-0.2913459555782152,Yes,True
298.0,31.0,social-relations,75.0,variable swap,1.0,Yan submits homework to Chao.,Is Chao Yan's student?,No,2,-0.2656080722808838,-1.4531164169311523,0.0257378832973314,-1.7444623725093675,-0.2913459555782152,Yes,False
304.0,31.0,social-relations,76.0,antonym,2.0,Chao submits homework to Yan.,Is Yan Chao's teacher?,Yes,2,-0.019756078720092773,-3.9531147480010986,0.2715898768581224,-4.244460703579314,-0.2913459555782152,Yes,True
308.0,31.0,social-relations,77.0,variable swap,2.0,Yan assigns homework to Chao.,Is Yan Chao's teacher?,Yes,2,-0.0024603605270385742,-6.124993324279785,0.2888855950511766,-6.416339279858001,-0.2913459555782152,Yes,True
310.0,31.0,social-relations,78.0,variable swap,1.0,Yan submits homework to Chao.,Is Yan Chao's teacher?,No,2,-2.29685640335083,-0.10692751407623291,-2.0055104477726147,-0.3982734696544481,-0.2913459555782152,No,True
313.0,31.0,social-relations,79.0,antonym,1.0,Chao assigns homework to Yan.,Is Yan Chao's student?,Yes,2,-0.0009752512560226023,-7.437492847442627,0.2903707043221926,-7.728838803020842,-0.2913459555782152,Yes,True
315.0,31.0,social-relations,79.0,antonym,2.0,Chao submits homework to Yan.,Is Yan Chao's student?,No,2,-0.21384644508361816,-1.648427128791809,0.07749951049459702,-1.9397730843700243,-0.2913459555782152,Yes,False
319.0,31.0,social-relations,80.0,variable swap,2.0,Yan assigns homework to Chao.,Is Yan Chao's student?,No,2,-0.19040822982788086,-1.7499877214431763,0.10093772575033433,-2.0413336770213917,-0.2913459555782152,Yes,False
321.0,31.0,social-relations,81.0,variable swap,1.0,Yan submits homework to Chao.,Is Yan Chao's student?,Yes,2,-0.011340975761413574,-4.499993324279785,0.2800049798168016,-4.791339279858001,-0.2913459555782152,Yes,True
325.0,32.0,social-relations,82.0,other,1.0,Chao's alumni spoke with Yan.,Is Chao Yan's teacher?,Yes,2,-0.42966628074645996,-1.0546791553497314,-0.13832032516824477,-1.3460251109279466,-0.2913459555782152,Yes,True
326.0,32.0,social-relations,82.0,other,1.0,Chao's alumni spoke with Yan.,Is Chao Yan's student?,No,2,-0.12010335922241211,-2.1874935626983643,0.17124259635580308,-2.4788395182765797,-0.2913459555782152,Yes,False
327.0,32.0,social-relations,82.0,other,2.0,Chao's parents spoke with Yan.,Is Chao Yan's teacher?,No,2,-1.8984214067459106,-0.20800399780273438,-1.6070754511676955,-0.49934995338094956,-0.2913459555782152,No,True
328.0,32.0,social-relations,82.0,other,2.0,Chao's parents spoke with Yan.,Is Chao Yan's student?,Yes,2,-0.5781090259552002,-0.8281183242797852,-0.286763070376985,-1.1194642798580003,-0.2913459555782152,Yes,True
331.0,32.0,social-relations,83.0,variable swap,2.0,Yan's alumni spoke with Chao.,Is Chao Yan's teacher?,No,2,-1.507788062095642,-0.2617107629776001,-1.216442106517427,-0.5530567185558153,-0.2913459555782152,No,True
332.0,32.0,social-relations,83.0,variable swap,2.0,Yan's alumni spoke with Chao.,Is Chao Yan's student?,Yes,2,-0.5507657527923584,-0.8632751703262329,-0.2594197972141432,-1.154621125904448,-0.2913459555782152,Yes,True
333.0,32.0,social-relations,84.0,variable swap,1.0,Yan's parents spoke with Chao.,Is Chao Yan's teacher?,Yes,2,-1.6171634197235107,-0.49217915534973145,-1.3258174641452956,-0.7835251109279466,-0.2913459555782152,No,False
334.0,32.0,social-relations,84.0,variable swap,1.0,Yan's parents spoke with Chao.,Is Chao Yan's student?,No,2,-1.0546648502349854,-0.43163061141967773,-0.7633188946567702,-0.7229765669978929,-0.2913459555782152,No,True
338.0,32.0,social-relations,85.0,other,1.0,Chao's alumni spoke with Yan.,Is Yan Chao's teacher?,No,2,-1.6015355587005615,-0.226554274559021,-1.3101896031223463,-0.5179002301372362,-0.2913459555782152,No,True
340.0,32.0,social-relations,85.0,other,2.0,Chao's parents spoke with Yan.,Is Yan Chao's teacher?,Yes,2,-0.4999798536300659,-0.9999916553497314,-0.20863389805185073,-1.2913376109279466,-0.2913459555782152,Yes,True
344.0,32.0,social-relations,86.0,variable swap,2.0,Yan's alumni spoke with Chao.,Is Yan Chao's teacher?,Yes,2,-0.49997854232788086,-0.9374892711639404,-0.20863258674966567,-1.2288352267421556,-0.2913459555782152,Yes,True
346.0,32.0,social-relations,87.0,variable swap,1.0,Yan's parents spoke with Chao.,Is Yan Chao's teacher?,No,2,-1.1874772310256958,-0.37108421325683594,-0.8961312754474806,-0.6624301688350511,-0.2913459555782152,No,True
349.0,32.0,social-relations,88.0,other,1.0,Chao's alumni spoke with Yan.,Is Yan Chao's student?,Yes,2,-0.17087984085083008,-1.859366774559021,0.12046611472738511,-2.1507127301372364,-0.2913459555782152,Yes,True
351.0,32.0,social-relations,88.0,other,2.0,Chao's parents spoke with Yan.,Is Yan Chao's student?,No,2,-0.7929489612579346,-0.605460524559021,-0.5016030056797194,-0.8968064801372362,-0.2913459555782152,Yes,False
355.0,32.0,social-relations,89.0,variable swap,2.0,Yan's alumni spoke with Chao.,Is Yan Chao's student?,No,2,-0.15134894847869873,-1.960927128791809,0.13999700709951646,-2.2522730843700245,-0.2913459555782152,Yes,False
357.0,32.0,social-relations,90.0,variable swap,1.0,Yan's parents spoke with Chao.,Is Yan Chao's student?,Yes,2,-0.6054489612579346,-0.7929588556289673,-0.3141030056797194,-1.0843048112071825,-0.2913459555782152,Yes,True
361.0,33.0,social-relations,91.0,antonym,1.0,Chao rents a duplex to Yan.,Is Chao Yan's landlord?,Yes,2,-0.0010749101638793945,-7.124993801116943,0.2902710454143358,-7.416339756695159,-0.2913459555782152,Yes,True
362.0,33.0,social-relations,91.0,antonym,1.0,Chao rents a duplex to Yan.,Is Chao Yan's tenant?,No,2,-0.0015773773193359375,-6.624993324279785,0.28976857825887925,-6.916339279858001,-0.2913459555782152,Yes,False
363.0,33.0,social-relations,91.0,antonym,2.0,Chao rents a duplex from Yan.,Is Chao Yan's landlord?,No,2,-0.1425563097000122,-2.0156147480010986,0.14878964587820298,-2.306960703579314,-0.2913459555782152,Yes,False
364.0,33.0,social-relations,91.0,antonym,2.0,Chao rents a duplex from Yan.,Is Chao Yan's tenant?,Yes,2,-0.0017070770263671875,-6.593744277954102,0.289638878551848,-6.885090233532317,-0.2913459555782152,Yes,True
368.0,33.0,social-relations,92.0,variable swap,2.0,Yan rents a duplex to Chao.,Is Chao Yan's tenant?,Yes,2,-0.004923582077026367,-5.3749871253967285,0.2864223735011888,-5.666333080974944,-0.2913459555782152,Yes,True
369.0,33.0,social-relations,93.0,variable swap,1.0,Yan rents a duplex from Chao.,Is Chao Yan's landlord?,Yes,2,-0.005012512672692537,-5.406232833862305,0.28633344290552265,-5.69757878944052,-0.2913459555782152,Yes,True
370.0,33.0,social-relations,93.0,variable swap,1.0,Yan rents a duplex from Chao.,Is Chao Yan's tenant?,No,3,-0.20211470127105713,-1.7031058073043823,0.07429371006561047,-1.97951421864105,-0.2764084113366676,Yes,False
374.0,33.0,social-relations,94.0,antonym,1.0,Chao rents a duplex to Yan.,Is Yan Chao's landlord?,No,3,-0.4296501874923706,-1.054668664932251,-0.153241776155703,-1.3310770762689186,-0.2764084113366676,Yes,False
376.0,33.0,social-relations,94.0,antonym,2.0,Chao rents a duplex from Yan.,Is Yan Chao's landlord?,Yes,3,-0.0013302566949278116,-7.281228065490723,0.2750781546417398,-7.5576364768273905,-0.2764084113366676,Yes,True
380.0,33.0,social-relations,95.0,variable swap,2.0,Yan rents a duplex to Chao.,Is Yan Chao's landlord?,Yes,3,-0.0012431145878508687,-7.406232833862305,0.27516529674881673,-7.6826412451989725,-0.2764084113366676,Yes,True
382.0,33.0,social-relations,96.0,variable swap,1.0,Yan rents a duplex from Chao.,Is Yan Chao's landlord?,No,3,-0.7929242849349976,-0.6054501533508301,-0.51651587359833,-0.8818585646874977,-0.2764084113366676,Yes,False
385.0,33.0,social-relations,97.0,antonym,1.0,Chao rents a duplex to Yan.,Is Yan Chao's tenant?,Yes,3,-0.001366138574667275,-7.03123664855957,0.27504227276200033,-7.307645059896238,-0.2764084113366676,Yes,True
387.0,33.0,social-relations,97.0,antonym,2.0,Chao rents a duplex from Yan.,Is Yan Chao's tenant?,No,3,-1.0155912637710571,-0.45115602016448975,-0.7391828524343895,-0.7275644315011573,-0.2764084113366676,No,True
391.0,33.0,social-relations,98.0,variable swap,2.0,Yan rents a duplex to Chao.,Is Yan Chao's tenant?,No,3,-0.005648613441735506,-5.281228065490723,0.2707597978949321,-5.5576364768273905,-0.2764084113366676,Yes,False
393.0,33.0,social-relations,99.0,variable swap,1.0,Yan rents a duplex from Chao.,Is Yan Chao's tenant?,Yes,3,-0.0024540426675230265,-6.374983310699463,0.2739543686691446,-6.651391722036131,-0.2764084113366676,Yes,True
397.0,34.0,social-relations,100.0,antonym,1.0,Chao collects rent from Yan.,Is Chao Yan's landlord?,Yes,3,-0.0014699697494506836,-6.749993324279785,0.2749384415872169,-7.026401735616453,-0.2764084113366676,Yes,True
398.0,34.0,social-relations,100.0,antonym,1.0,Chao collects rent from Yan.,Is Chao Yan's tenant?,No,3,-1.3593510389328003,-0.2968655824661255,-1.0829426275961327,-0.5732739938027931,-0.2764084113366676,No,True
399.0,34.0,social-relations,100.0,antonym,2.0,Chao pays rent to Yan.,Is Chao Yan's landlord?,No,3,-0.03610432147979736,-3.343731641769409,0.24030408985687024,-3.620140053106077,-0.2764084113366676,Yes,False
400.0,34.0,social-relations,100.0,antonym,2.0,Chao pays rent to Yan.,Is Chao Yan's tenant?,Yes,3,-0.010717630386352539,-4.562483310699463,0.26569078095031506,-4.838891722036131,-0.2764084113366676,Yes,True
403.0,34.0,social-relations,101.0,variable swap,2.0,Yan collects rent from Chao.,Is Chao Yan's landlord?,No,3,-0.009980201721191406,-4.656228065490723,0.2664282096154762,-4.9326364768273905,-0.2764084113366676,Yes,False
404.0,34.0,social-relations,101.0,variable swap,2.0,Yan collects rent from Chao.,Is Chao Yan's tenant?,Yes,3,-0.009981989860534668,-4.656229496002197,0.26642642147613294,-4.932637907338865,-0.2764084113366676,Yes,True
405.0,34.0,social-relations,102.0,variable swap,1.0,Yan pays rent to Chao.,Is Chao Yan's landlord?,Yes,3,-0.0056532626040279865,-5.249983310699463,0.2707551487326396,-5.526391722036131,-0.2764084113366676,Yes,True
406.0,34.0,social-relations,102.0,variable swap,1.0,Yan pays rent to Chao.,Is Chao Yan's tenant?,No,3,-0.5233964920043945,-0.8984180688858032,-0.24698808066772693,-1.1748264802224708,-0.2764084113366676,Yes,False
410.0,34.0,social-relations,103.0,antonym,1.0,Chao collects rent from Yan.,Is Yan Chao's landlord?,No,3,-1.0937135219573975,-0.40818583965301514,-0.8173051106207299,-0.6845942509896827,-0.2764084113366676,No,True
412.0,34.0,social-relations,103.0,antonym,2.0,Chao pays rent to Yan.,Is Yan Chao's landlord?,Yes,3,-0.001687526935711503,-6.8124799728393555,0.2747208844009561,-7.088888384176023,-0.2764084113366676,Yes,True
416.0,34.0,social-relations,104.0,variable swap,2.0,Yan collects rent from Chao.,Is Yan Chao's landlord?,Yes,3,-0.0022381546441465616,-6.374980926513672,0.27417025669252104,-6.65138933785034,-0.2764084113366676,Yes,True
418.0,34.0,social-relations,105.0,variable swap,1.0,Yan pays rent to Chao.,Is Yan Chao's landlord?,No,3,-0.5507334470748901,-0.8632587194442749,-0.27432503573822253,-1.1396671307809425,-0.2764084113366676,Yes,False
421.0,34.0,social-relations,106.0,antonym,1.0,Chao collects rent from Yan.,Is Yan Chao's tenant?,Yes,3,-0.006169081199914217,-5.156228065490723,0.2702393301367534,-5.4326364768273905,-0.2764084113366676,Yes,True
423.0,34.0,social-relations,106.0,antonym,2.0,Chao pays rent to Yan.,Is Yan Chao's tenant?,No,3,-0.21382606029510498,-1.6484125852584839,0.06258235104156262,-1.9248209965951515,-0.2764084113366676,Yes,False
427.0,34.0,social-relations,107.0,variable swap,2.0,Yan collects rent from Chao.,Is Yan Chao's tenant?,No,3,-1.4062031507492065,-0.28122639656066895,-1.129794739412539,-0.5576348078973365,-0.2764084113366676,No,True
429.0,34.0,social-relations,108.0,variable swap,1.0,Yan pays rent to Chao.,Is Yan Chao's tenant?,Yes,3,-0.003832817543298006,-5.6874799728393555,0.2725755937933696,-5.963888384176023,-0.2764084113366676,Yes,True
433.0,35.0,social-relations,109.0,antonym,1.0,Chao collects money from Yan.,Is Chao Yan's landlord?,Yes,3,-1.3359155654907227,-1.1484289169311523,-1.059507154154055,-1.42483732826782,-0.2764084113366676,Yes,True
434.0,35.0,social-relations,109.0,antonym,1.0,Chao collects money from Yan.,Is Chao Yan's tenant?,No,3,-2.1249687671661377,-0.12889611721038818,-1.84856035582947,-0.4053045285470558,-0.2764084113366676,No,True
435.0,35.0,social-relations,109.0,antonym,2.0,Chao pays money to Yan.,Is Chao Yan's landlord?,No,3,-2.8749687671661377,-1.8202993869781494,-2.59856035582947,-2.0967077983148172,-0.2764084113366676,No,True
436.0,35.0,social-relations,109.0,antonym,2.0,Chao pays money to Yan.,Is Chao Yan's tenant?,Yes,3,-2.0312178134918213,-0.15135538578033447,-1.7548094021551537,-0.4277637971170021,-0.2764084113366676,No,False
439.0,35.0,social-relations,110.0,variable swap,2.0,Yan collects money from Chao.,Is Chao Yan's landlord?,No,3,-3.749974250793457,-0.0688396692276001,-3.473565839456789,-0.3452480805642677,-0.2764084113366676,No,True
440.0,35.0,social-relations,110.0,variable swap,2.0,Yan collects money from Chao.,Is Chao Yan's tenant?,Yes,3,-3.046842336654663,-0.049062252044677734,-2.7704339253179953,-0.32547066338134534,-0.2764084113366676,No,False
441.0,35.0,social-relations,111.0,variable swap,1.0,Yan pays money to Chao.,Is Chao Yan's landlord?,Yes,3,-4.249972343444824,-2.265615463256836,-3.9735639321081564,-2.5420238745935038,-0.2764084113366676,No,False
442.0,35.0,social-relations,111.0,variable swap,1.0,Yan pays money to Chao.,Is Chao Yan's tenant?,No,3,-3.3437278270721436,-0.08983778953552246,-3.0673194157354757,-0.36624620087219006,-0.2764084113366676,No,True
446.0,35.0,social-relations,112.0,antonym,1.0,Chao collects money from Yan.,Is Yan Chao's landlord?,No,3,-3.04685115814209,-0.05223870277404785,-2.770442746805422,-0.32864711411071545,-0.2764084113366676,No,True
448.0,35.0,social-relations,112.0,antonym,2.0,Chao pays money to Yan.,Is Yan Chao's landlord?,Yes,3,-1.9609055519104004,-0.644517183303833,-1.6844971405737328,-0.9209255946405006,-0.2764084113366676,No,False
452.0,35.0,social-relations,113.0,variable swap,2.0,Yan collects money from Chao.,Is Yan Chao's landlord?,Yes,3,-1.4296618700027466,-0.9921774864196777,-1.153253458666079,-1.2685858977563453,-0.2764084113366676,Yes,True
454.0,35.0,social-relations,114.0,variable swap,1.0,Yan pays money to Chao.,Is Yan Chao's landlord?,No,3,-2.8280913829803467,-1.3828002214431763,-2.551682971643679,-1.6592086327798439,-0.2764084113366676,No,True
457.0,35.0,social-relations,115.0,antonym,1.0,Chao collects money from Yan.,Is Yan Chao's tenant?,Yes,3,-1.804652452468872,-0.18065118789672852,-1.5282440411322045,-0.4570595992333961,-0.2764084113366676,No,False
459.0,35.0,social-relations,115.0,antonym,2.0,Chao pays money to Yan.,Is Yan Chao's tenant?,No,3,-1.617152452468872,-0.24217188358306885,-1.3407440411322045,-0.5185802949197365,-0.2764084113366676,No,True
463.0,35.0,social-relations,116.0,variable swap,2.0,Yan collects money from Chao.,Is Yan Chao's tenant?,No,3,-1.8593355417251587,-0.1718604564666748,-1.582927130388491,-0.4482688678033424,-0.2764084113366676,No,True
465.0,35.0,social-relations,117.0,variable swap,1.0,Yan pays money to Chao.,Is Yan Chao's tenant?,Yes,3,-1.6640257835388184,-0.2851409912109375,-1.3876173722021508,-0.5615494025476051,-0.2764084113366676,No,False
470.0,36.0,social-relations,118.0,other,1.0,Chao rents a duplex to Yan.,Is Chao Yan's roommate?,No,3,-0.6640428304672241,-0.7265547513961792,-0.3876344191305565,-1.0029631627328468,-0.2764084113366676,Yes,False
472.0,36.0,social-relations,118.0,other,2.0,Chao shares a duplex with Yan.,Is Chao Yan's roommate?,Yes,3,-0.0010390281677246094,-7.124996662139893,0.275369383168943,-7.40140507347656,-0.2764084113366676,Yes,True
474.0,37.0,social-relations,119.0,other,1.0,Chao collects rent from Yan.,Is Chao Yan's roommate?,No,3,-3.109354019165039,-0.22948777675628662,-2.8329456078283712,-0.5058961880929542,-0.2764084113366676,No,True
475.0,37.0,social-relations,119.0,other,2.0,Chao splits rent with Yan.,Is Chao Yan's landlord?,No,3,-4.374962329864502,-0.0131150484085083,-4.098553918527834,-0.2895234597451759,-0.2764084113366676,No,True
476.0,37.0,social-relations,119.0,other,2.0,Chao splits rent with Yan.,Is Chao Yan's roommate?,Yes,3,-0.001016855239868164,-7.562497138977051,0.27539155609679944,-7.838905550313719,-0.2764084113366676,Yes,True
478.0,38.0,social-relations,120.0,other,1.0,Chao rents a duplex from Yan.,Is Chao Yan's roommate?,No,3,-0.20213043689727783,-1.7031174898147583,0.07427797443938977,-1.979525901151426,-0.2764084113366676,Yes,False
479.0,38.0,social-relations,120.0,other,2.0,Chao shares a duplex with Yan.,Is Chao Yan's tenant?,No,3,-0.20210516452789307,-1.7031031847000122,0.07430324680877454,-1.9795115960366798,-0.2764084113366676,Yes,False
481.0,40.0,social-relations,121.0,other,1.0,Chao cooks for Yan.,Is Chao Yan's parent?,Yes,3,-2.7656090259552,-0.13671326637268066,-2.4892006146185324,-0.41312167770934827,-0.2764084113366676,No,False
482.0,40.0,social-relations,121.0,other,1.0,Chao cooks for Yan.,Is Chao Yan's sibling?,No,3,-5.781238079071045,-0.0032922029495239258,-5.504829667734377,-0.27970061428619153,-0.2764084113366676,No,True
483.0,40.0,social-relations,121.0,other,2.0,Chao shares toys with Yan.,Is Chao Yan's parent?,No,3,-6.093719959259033,-0.15916979312896729,-5.817311547922365,-0.4355782044656349,-0.2764084113366676,No,True
484.0,40.0,social-relations,121.0,other,2.0,Chao shares toys with Yan.,Is Chao Yan's sibling?,Yes,3,-0.5273303985595703,-0.9023351669311523,-0.2509219872229027,-1.17874357826782,-0.2764084113366676,Yes,True
485.0,41.0,social-relations,122.0,other,1.0,Maria gave birth to Yan.,Is Maria Yan's parent?,Yes,3,-0.0043849945068359375,-6.406245708465576,0.27202341682983167,-6.682654119802244,-0.2764084113366676,Yes,True
486.0,41.0,social-relations,122.0,other,1.0,Maria gave birth to Yan.,Is Maria Yan's sibling?,No,3,-4.4374823570251465,-0.011836767196655273,-4.161073945688479,-0.2882451785333229,-0.2764084113366676,No,True
488.0,41.0,social-relations,122.0,other,2.0,Maria shares parents with Yan.,Is Maria Yan's sibling?,Yes,3,-0.008107423782348633,-4.874993801116943,0.26830098755431897,-5.151402212453611,-0.2764084113366676,Yes,True
489.0,42.0,social-relations,123.0,other,1.0,Chao chose a school for Yan.,Is Chao Yan's parent?,Yes,3,-3.249978542327881,-0.06054031848907471,-2.973570130991213,-0.3369487298257423,-0.2764084113366676,No,False
490.0,42.0,social-relations,123.0,other,1.0,Chao chose a school for Yan.,Is Chao Yan's sibling?,No,3,-0.9765552282333374,-0.4765598773956299,-0.7001468168966698,-0.7529682887322975,-0.2764084113366676,Yes,False
491.0,42.0,social-relations,123.0,other,2.0,Chao went to school with Yan.,Is Chao Yan's parent?,No,3,-9.937474250793457,-0.0019642114639282227,-9.66106583945679,-0.2783726228005958,-0.2764084113366676,No,True
492.0,42.0,social-relations,123.0,other,2.0,Chao went to school with Yan.,Is Chao Yan's sibling?,Yes,3,-2.8124911785125732,-0.06298494338989258,-2.5360827671759054,-0.3393933547265602,-0.2764084113366676,No,False
493.0,43.0,social-relations,124.0,other,1.0,Chao is 35 years older than Yan.,Is Chao Yan's parent?,Yes,3,-0.022074103355407715,-4.093735694885254,0.2543343079812599,-4.370144106221922,-0.2764084113366676,Yes,True
494.0,43.0,social-relations,124.0,other,1.0,Chao is 35 years older than Yan.,Is Chao Yan's sibling?,No,3,-0.7577894926071167,-0.6328022480010986,-0.4813810812704491,-0.9092106593377662,-0.2764084113366676,Yes,False
495.0,43.0,social-relations,124.0,other,2.0,Chao is 5 years older than Yan.,Is Chao Yan's parent?,No,3,-0.8984168767929077,-1.5859277248382568,-0.6220084654562401,-1.8623361361749244,-0.2764084113366676,Yes,False
496.0,43.0,social-relations,124.0,other,2.0,Chao is 5 years older than Yan.,Is Chao Yan's sibling?,Yes,3,-0.04392886161804199,-3.1718637943267822,0.2324795497186256,-3.44827220566345,-0.2764084113366676,Yes,True
497.0,44.0,social-relations,125.0,active-passive,1.0,Chao raised Yan.,Is Chao Yan's parent?,Yes,3,-0.4745967388153076,-0.9765565395355225,-0.19818832747864001,-1.25296495087219,-0.2764084113366676,Yes,True
498.0,44.0,social-relations,125.0,active-passive,1.0,Chao raised Yan.,Is Chao Yan's child?,No,4,-0.4296698570251465,-1.0546786785125732,-0.2979867021468554,-1.1863618333908643,-0.13168315487829108,Yes,False
499.0,44.0,social-relations,125.0,active-passive,2.0,Chao was raised by Yan.,Is Chao Yan's parent?,No,4,-0.26755762100219727,-1.4531174898147583,-0.1358744661239062,-1.5848006446930494,-0.13168315487829108,Yes,False
500.0,44.0,social-relations,125.0,active-passive,2.0,Chao was raised by Yan.,Is Chao Yan's child?,Yes,4,-0.020981907844543457,-3.8906188011169434,0.11070124703374762,-4.022301955995235,-0.13168315487829108,Yes,True
503.0,44.0,social-relations,126.0,variable swap,2.0,Yan raised Chao.,Is Chao Yan's parent?,No,4,-1.2656090259552002,-0.33007264137268066,-1.1339258710769091,-0.46175579625097174,-0.13168315487829108,No,True
504.0,44.0,social-relations,126.0,variable swap,2.0,Yan raised Chao.,Is Chao Yan's child?,Yes,4,-1.6484192609786987,-0.21386003494262695,-1.5167361061004077,-0.34554318982091803,-0.13168315487829108,No,False
505.0,44.0,social-relations,127.0,variable swap,1.0,Yan was raised by Chao.,Is Chao Yan's parent?,Yes,4,-0.07516562938690186,-2.6406099796295166,0.05651752549138922,-2.772293134507808,-0.13168315487829108,Yes,True
506.0,44.0,social-relations,127.0,variable swap,1.0,Yan was raised by Chao.,Is Chao Yan's child?,No,4,-0.09518814086914062,-2.4062366485595703,0.03649501400915045,-2.5379198034378616,-0.13168315487829108,Yes,False
510.0,44.0,social-relations,128.0,active-passive,1.0,Chao raised Yan.,Is Yan Chao's parent?,No,4,-0.5507625341415405,-0.8632718324661255,-0.41907937926324945,-0.9949549873444166,-0.13168315487829108,Yes,False
512.0,44.0,social-relations,128.0,active-passive,2.0,Chao was raised by Yan.,Is Yan Chao's parent?,Yes,4,-0.027074694633483887,-3.6562347412109375,0.10460846024480719,-3.787917896089229,-0.13168315487829108,Yes,True
516.0,44.0,social-relations,129.0,variable swap,2.0,Yan raised Chao.,Is Yan Chao's parent?,Yes,4,-0.1913846731185913,-1.7577993869781494,-0.05970151824030023,-1.8894825418564405,-0.13168315487829108,Yes,True
518.0,44.0,social-relations,130.0,variable swap,1.0,Yan was raised by Chao.,Is Yan Chao's parent?,No,4,-0.19137680530548096,-1.749986171722412,-0.05969365042718988,-1.8816693266007032,-0.13168315487829108,Yes,False
521.0,44.0,social-relations,131.0,active-passive,1.0,Chao raised Yan.,Is Yan Chao's child?,Yes,4,-0.04636812210083008,-3.1093623638153076,0.085315032777461,-3.241045518693599,-0.13168315487829108,Yes,True
523.0,44.0,social-relations,131.0,active-passive,2.0,Chao was raised by Yan.,Is Yan Chao's child?,No,4,-1.312479853630066,-0.3144460916519165,-1.1807966987517748,-0.4461292465302076,-0.13168315487829108,No,True
527.0,44.0,social-relations,132.0,variable swap,2.0,Yan raised Chao.,Is Yan Chao's child?,No,4,-1.55466628074646,-0.2382735013961792,-1.4229831258681689,-0.3699566562744703,-0.13168315487829108,No,True
529.0,44.0,social-relations,133.0,variable swap,1.0,Yan was raised by Chao.,Is Yan Chao's child?,Yes,4,-0.009807586669921875,-4.6874895095825195,0.1218755682083692,-4.819172664460811,-0.13168315487829108,Yes,True
533.0,45.0,social-relations,134.0,antonym,1.0,Chao disciplines Yan.,Is Chao Yan's parent?,Yes,4,-0.8788785934448242,-0.6288914680480957,-0.7471954385665331,-0.7605746229263868,-0.13168315487829108,Yes,True
534.0,45.0,social-relations,134.0,antonym,1.0,Chao disciplines Yan.,Is Chao Yan's child?,No,4,-4.281230449676514,-0.024530529975891113,-4.149547294798222,-0.1562136848541822,-0.13168315487829108,No,True
535.0,45.0,social-relations,134.0,antonym,2.0,Chao obeys Yan.,Is Chao Yan's parent?,No,4,-3.8906071186065674,-0.021600961685180664,-3.758923963728276,-0.15328411656347174,-0.13168315487829108,No,True
536.0,45.0,social-relations,134.0,antonym,2.0,Chao obeys Yan.,Is Chao Yan's child?,Yes,4,-0.49998700618743896,-0.9374938011169434,-0.3683038513091479,-1.0691769559952344,-0.13168315487829108,Yes,True
539.0,45.0,social-relations,135.0,variable swap,2.0,Yan disciplines Chao.,Is Chao Yan's parent?,No,4,-3.781231641769409,-0.03271019458770752,-3.649548486891118,-0.1643933494659986,-0.13168315487829108,No,True
540.0,45.0,social-relations,135.0,variable swap,2.0,Yan disciplines Chao.,Is Chao Yan's child?,Yes,4,-4.3437347412109375,-0.017696380615234375,-4.212051586332646,-0.14937953549352545,-0.13168315487829108,No,False
541.0,45.0,social-relations,136.0,variable swap,1.0,Yan obeys Chao.,Is Chao Yan's parent?,Yes,4,-2.8124706745147705,-0.06444299221038818,-2.680787519636479,-0.19612614708867926,-0.13168315487829108,No,False
542.0,45.0,social-relations,136.0,variable swap,1.0,Yan obeys Chao.,Is Chao Yan's child?,No,4,-1.05466628074646,-0.42967867851257324,-0.9229831258681689,-0.5613618333908643,-0.13168315487829108,No,True
546.0,45.0,social-relations,137.0,antonym,1.0,Chao disciplines Yan.,Is Yan Chao's parent?,No,4,-4.343728065490723,-0.0169602632522583,-4.212044910612431,-0.14864341813054938,-0.13168315487829108,No,True
548.0,45.0,social-relations,137.0,antonym,2.0,Chao obeys Yan.,Is Yan Chao's parent?,Yes,4,-2.078108072280884,-0.13573598861694336,-1.9464249174025927,-0.26741914349523443,-0.13168315487829108,No,False
552.0,45.0,social-relations,138.0,variable swap,2.0,Yan disciplines Chao.,Is Yan Chao's parent?,Yes,4,-0.8046602010726929,-1.0546737909317017,-0.6729770461944018,-1.1863569458099927,-0.13168315487829108,Yes,True
554.0,45.0,social-relations,139.0,variable swap,1.0,Yan obeys Chao.,Is Yan Chao's parent?,No,4,-2.718726396560669,-0.09471786022186279,-2.5870432416823776,-0.22640101510015387,-0.13168315487829108,No,True
557.0,45.0,social-relations,140.0,antonym,1.0,Chao disciplines Yan.,Is Yan Chao's child?,Yes,4,-0.5273255109786987,-0.9023319482803345,-0.39564235610040766,-1.0340151031586255,-0.13168315487829108,Yes,True
559.0,45.0,social-relations,140.0,antonym,2.0,Chao obeys Yan.,Is Yan Chao's child?,No,4,-1.3593604564666748,-0.2968689203262329,-1.2276773015883837,-0.428552075204524,-0.13168315487829108,No,True
563.0,45.0,social-relations,141.0,variable swap,2.0,Yan disciplines Chao.,Is Yan Chao's child?,No,4,-2.1874823570251465,-0.1298762559890747,-2.055799202146855,-0.2615594108673658,-0.13168315487829108,No,True
565.0,45.0,social-relations,142.0,variable swap,1.0,Yan obeys Chao.,Is Yan Chao's child?,Yes,4,-0.06053018569946289,-2.8749892711639404,0.07115296917882818,-3.0066724260422317,-0.13168315487829108,Yes,True
569.0,46.0,social-relations,143.0,antonym,1.0,Chao makes decisions more often than Yan.,Is Chao Yan's parent?,Yes,4,-6.624975681304932,-0.01122593879699707,-6.49329252642664,-0.14290909367528815,-0.13168315487829108,No,False
570.0,46.0,social-relations,143.0,antonym,1.0,Chao makes decisions more often than Yan.,Is Chao Yan's child?,No,4,-5.718726634979248,-0.022212743759155273,-5.587043480100957,-0.15389589863744635,-0.13168315487829108,No,True
571.0,46.0,social-relations,143.0,antonym,2.0,Chao makes decisions less often than Yan.,Is Chao Yan's parent?,No,4,-6.406221866607666,-0.04247486591339111,-6.274538711729375,-0.1741580207916822,-0.13168315487829108,No,True
572.0,46.0,social-relations,143.0,antonym,2.0,Chao makes decisions less often than Yan.,Is Chao Yan's child?,Yes,4,-5.718723297119141,-0.033686161041259766,-5.587040142240849,-0.16536931591955084,-0.13168315487829108,No,False
575.0,46.0,social-relations,144.0,variable swap,2.0,Yan makes decisions more often than Chao.,Is Chao Yan's parent?,No,4,-8.187474250793457,-0.0013006925582885742,-8.055791095915167,-0.13298384743657965,-0.13168315487829108,No,True
576.0,46.0,social-relations,144.0,variable swap,2.0,Yan makes decisions more often than Chao.,Is Chao Yan's child?,Yes,4,-7.187466621398926,-0.0035352706909179688,-7.0557834665206345,-0.13521842556920904,-0.13168315487829108,No,False
577.0,46.0,social-relations,145.0,variable swap,1.0,Yan makes decisions less often than Chao.,Is Chao Yan's parent?,Yes,4,-6.124972343444824,-0.010736703872680664,-5.993289188566533,-0.14241985875097174,-0.13168315487829108,No,False
578.0,46.0,social-relations,145.0,variable swap,1.0,Yan makes decisions less often than Chao.,Is Chao Yan's child?,No,4,-6.437462329864502,-0.004815220832824707,-6.305779174986211,-0.13649837571111578,-0.13168315487829108,No,True
582.0,46.0,social-relations,146.0,antonym,1.0,Chao makes decisions more often than Yan.,Is Yan Chao's parent?,No,4,-6.968729496002197,-0.013484716415405273,-6.837046341123906,-0.14516787129369635,-0.13168315487829108,No,True
584.0,46.0,social-relations,146.0,antonym,2.0,Chao makes decisions less often than Yan.,Is Yan Chao's parent?,Yes,4,-4.843726634979248,-0.1572197675704956,-4.712043480100957,-0.2889029224487867,-0.13168315487829108,No,False
588.0,46.0,social-relations,147.0,variable swap,2.0,Yan makes decisions more often than Chao.,Is Yan Chao's parent?,Yes,4,-5.437464714050293,-0.06542074680328369,-5.305781559172002,-0.19710390168157477,-0.13168315487829108,No,False
590.0,46.0,social-relations,148.0,variable swap,1.0,Yan makes decisions less often than Chao.,Is Yan Chao's parent?,No,4,-7.593715667724609,-0.0209885835647583,-7.462032512846318,-0.15267173844304938,-0.13168315487829108,No,True
593.0,46.0,social-relations,149.0,antonym,1.0,Chao makes decisions more often than Yan.,Is Yan Chao's child?,Yes,4,-5.343731880187988,-0.010799407958984375,-5.212048725309697,-0.14248256283727545,-0.13168315487829108,No,False
595.0,46.0,social-relations,149.0,antonym,2.0,Chao makes decisions less often than Yan.,Is Yan Chao's child?,No,4,-3.968731641769409,-0.032221317291259766,-3.837048486891118,-0.16390447216955084,-0.13168315487829108,No,True
599.0,46.0,social-relations,150.0,variable swap,2.0,Yan makes decisions more often than Chao.,Is Yan Chao's child?,No,4,-3.484344244003296,-0.0776287317276001,-3.3526610891250046,-0.20931188660589117,-0.13168315487829108,No,True
601.0,46.0,social-relations,151.0,variable swap,1.0,Yan makes decisions less often than Chao.,Is Yan Chao's child?,Yes,4,-4.624966621398926,-0.03685593605041504,-4.4932834665206345,-0.16853909092870611,-0.13168315487829108,No,False
606.0,47.0,social-relations,152.0,antonym,1.0,Chao is 35 years older than Yan.,Is Chao Yan's child?,No,4,-0.8984110355377197,-0.5234264135360718,-0.7667278806594287,-0.6551095684143629,-0.13168315487829108,No,True
607.0,47.0,social-relations,152.0,antonym,2.0,Chao is 35 years younger than Yan.,Is Chao Yan's parent?,No,4,-2.812478542327881,-0.12303948402404785,-2.6807953874495896,-0.2547226389023389,-0.13168315487829108,No,True
608.0,47.0,social-relations,152.0,antonym,2.0,Chao is 35 years younger than Yan.,Is Chao Yan's child?,Yes,4,-0.021471142768859863,-3.890615940093994,0.11021201210943121,-4.022299094972285,-0.13168315487829108,Yes,True
610.0,47.0,social-relations,153.0,antonym,1.0,Chao is 35 years older than Yan.,Is Yan Chao's parent?,No,4,-0.335909366607666,-1.2734214067459106,-0.20422621172937494,-1.4051045616242017,-0.13168315487829108,Yes,False
612.0,47.0,social-relations,153.0,antonym,2.0,Chao is 35 years younger than Yan.,Is Yan Chao's parent?,Yes,4,-0.31833338737487793,-1.3202975988388062,-0.18665023249658685,-1.4519807537170972,-0.13168315487829108,Yes,True
613.0,47.0,social-relations,154.0,antonym,1.0,Chao is 35 years older than Yan.,Is Yan Chao's child?,Yes,4,-0.18063998222351074,-1.8046728372573853,-0.04895682734521967,-1.9363559921356763,-0.13168315487829108,Yes,True
615.0,47.0,social-relations,154.0,antonym,2.0,Chao is 35 years younger than Yan.,Is Yan Chao's child?,No,4,-0.044165611267089844,-3.1718575954437256,0.08751754361120123,-3.303540750322017,-0.13168315487829108,Yes,False
617.0,48.0,social-relations,155.0,other,1.0,Chao shares parents with Yan.,Is Chao Yan's sibling?,Yes,4,-0.013540148735046387,-4.343744277954102,0.11814300614324469,-4.475427432832393,-0.13168315487829108,Yes,True
618.0,48.0,social-relations,155.0,other,1.0,Chao shares parents with Yan.,Is Chao Yan's child?,No,4,-0.38864874839782715,-1.140613317489624,-0.2569655935195361,-1.272296472367915,-0.13168315487829108,Yes,False
619.0,48.0,social-relations,155.0,other,2.0,Chao was born to Yan.,Is Chao Yan's sibling?,No,4,-0.2656031847000122,-1.4531159400939941,-0.13392002982172113,-1.5847990949722852,-0.13168315487829108,Yes,False
620.0,48.0,social-relations,155.0,other,2.0,Chao was born to Yan.,Is Chao Yan's child?,Yes,4,-0.009689688682556152,-4.718744277954102,0.12199346619573492,-4.850427432832393,-0.13168315487829108,Yes,True
621.0,49.0,social-relations,156.0,other,1.0,Chao grew up with Yan.,Is Chao Yan's sibling?,Yes,4,-0.17967915534973145,-1.8046830892562866,-0.04799600047144037,-1.9363662441345777,-0.13168315487829108,Yes,True
622.0,49.0,social-relations,156.0,other,1.0,Chao grew up with Yan.,Is Chao Yan's child?,No,4,-4.093733787536621,-0.01769721508026123,-3.96205063265833,-0.1493803699585523,-0.13168315487829108,No,True
623.0,49.0,social-relations,156.0,other,2.0,Chao was raised by Yan.,Is Chao Yan's sibling?,No,4,-0.8632675409317017,-0.550776481628418,-0.7315843860534106,-0.682459636506709,-0.13168315487829108,No,True
625.0,50.0,social-relations,157.0,other,1.0,Yan is 5 years older than Chao.,Is Chao Yan's sibling?,Yes,4,-0.08444786071777344,-2.5156099796295166,0.04723529416051764,-2.647293134507808,-0.13168315487829108,Yes,True
626.0,50.0,social-relations,157.0,other,1.0,Yan is 5 years older than Chao.,Is Chao Yan's child?,No,4,-0.6679381132125854,-0.7304551601409912,-0.5362549583342944,-0.8621383150192823,-0.13168315487829108,Yes,False
628.0,50.0,social-relations,157.0,other,2.0,Yan is 35 years older than Chao.,Is Chao Yan's child?,Yes,4,-0.14352834224700928,-2.0156090259552,-0.011845187368718202,-2.1472921808334915,-0.13168315487829108,Yes,True
"Overall accuracy: 0.698, TP: 132, TN: 97, FP: 67, FN: 32, Bias score: 0.213",,,,,,,,,,,,,,,,
